{"train_loss": [2.4415923097631436], "val_loss": [2.1785147905349733], "train_acc": [0.2681318681318681], "val_acc": [0.3]}
