{"train_loss": [2.449067383022099], "val_loss": [2.173068475723267], "train_acc": [0.24505494505494504], "val_acc": [0.26875]}