{"train_loss": [2.4905672246283226], "val_loss": [2.0164413928985594], "train_acc": [0.24285714285714285], "val_acc": [0.31875]}