{"train_loss": [2.4097151232289744], "val_loss": [2.1200104475021364], "train_acc": [0.2868131868131868], "val_acc": [0.31875]}